Elementnr  ,Elementnamn    (enligt svensk beskrivning),,,,"Element
ID ISO",Xpath,ISO,"Main
Schematron",ID,SCH,Frank,Nap,Anzlic,Insp,AgMap,UK,Irlan,Seadata,AODC,INT,VD NMDP  DM,," AMVD, internt DM"," AM, internt DM","DM VD, ext lokalt ",EXT MD via CSW,,Alla,NMDP-Inspire,NMDP,NMDP,LST Verksamhetsdata,LST Verksamhetsdata2,LST Arbetsmaterial,LST Arbetsmaterial2,LST Externt producerade data,DATAÄNGD,Dokumentresurs,Applikation,Webbapplikation,Webbsida,Container,GruppLYR,ÖVRIGA RESURSTYPER,NMDP -Inspire,NMDP,LST Verksamhetsdata,LST Arbetsmaterial,LST Externt producerade tjänster,TJÄNST,,,K: Bestämd kodlista (enl. Inspire),Referens till tabell i svensk profil,LST-Lista: Referens till den lista som används av LST.,LST hantering,Typ,Default-värde,LST-kommentar,Förslag på kontroller,Kontroll Arbetsmaterial,,
,,,,,,,,,,,,,,,,,,,,,,,,,,,,D,D,D,D,D,D,D,D,D,,,,,,,,,T,T,T,T,T,,,,,,,,,,,,,,
Information om metadatamängden ,,,,,,,,,,,,,,,,,,,,,,,,,,,,,,,,,,,,,,,,,,,,,,,,,,,,,,,,,,,,,,AL ,Sätts automatiskt om det saknas  endast läsbart
1,Språk i metadata ,,,,,,,Geodata.se:114,103,,,,,,,,,,,,1,,1,1,1,1,,,1,1,1,1,1, , , ,,1,1,1,1,1,,,1,1,1,1,1,,,,K,Tabell 3,Lista 1,LST-Def,,Svenska,,Endast val från lista,,AO,"Sätts automatiskt, Osynligt för användare"
,,,,,,,,,,,,,,,,,,,,,,,,,,,,,,,,,,,,,,,,,,,,,,,,,,,,,,,,,,,,,,AR,Sätts automatiskt Redigerbart
2,Metadatakontakt ,,,,,,,Geodata.se:113,104,,,,,,,,,,,,1..* ,,1,1,1,1,,,1,1,1,1,1, , , ,,1,1,1,1,1,,,1,1,1,1,1,,,,,,,,,,,,Skapas automatiskt från Resurskontakt med roll Informationsförvaltare,,
2.1,Organisation ,,,,,,,,,,,,,,,,,,,,1,,1,1,1,1,,,1,1,1,1,1, , , ,,1,1,1,1,1,,,1,1,1,1,1,,,,,,Lista 2.1,LST-Lista,Text,Varje LST har sitt defaultvärde,1,,1 Val från lista men ytterligare värden kan läggas till.1,,
2.2,Person ,,,,,,,,,,,,,,,,,,,,1,,1,1,1,1,,,1,1,1,1,1, , , ,,1,1,1,1,1,,,1,1,1,1,1,,,,,,,,Text,,1,,1 Person skall anges får dock inte skördas vidare till nationell Geodataportal.,,
2.3,E-post ,,,,,,,,,,,,,,,,,,,,1,,1,1,1,1,,,1,1,1,1,1, , , ,,1,1,1,1,1,,,1,1,1,1,1,,,,,,Lista 2.3,LST-default,Text,Defaultvärde beroende på vald profil.,1,E-mail-adress.,"1 Framförallt ska vi använda funktionsbrevlådor, vilken som används beror på profilen.
",,
2.4,Ansvarsområde ,,,,,,,,,,,,,,,,,,,,1,,1,1,1,1,,,1,1,1,1,1, , , ,,1,1,1,1,1,,,1,1,1,1,1,,,,K,Tabell 23,,LST-låst,,Kontakt,,Låst värde.,Minst en metadatakontakt måtse har rollen metadatakontakt,,
,,,,,,,,,,,,,,,,,,,,,,,,,,,,,,,,,,,,,,,,,,,,,,,,,,,,,,,,,,,,,,,
3,Datum för metadata ,,,,,,,,,,,,,,,,,,,,1,,,,,,,,1,1,1,1,1, , , ,,1,1,1,1,1,,,,,,,,,,,,,,LST-default,,"Dagens datum ,","""1""","""2""","1 Detta datum ska sättas om till dagens datum som standard. Både för nya poster och poster som redigeras. Ska kunna redigeras och anges på formen YYYY-MM-DD alternativt YYYY-MM-DDThh:mm
2 Kontroll att det är ett godkänt datum enligt något av de gällande formaten.",,
,,,,,,,,,,,,,,,,,,,,,,,,,,,,,,,,,,,,,,,,,,,,,,,,,,,,,,,,,,,,,,,
4,Metadatastandard ,,,,,,,,,,,,,,,,,,,,1,,1,1,1,1,,,1,1,1,1,1, , , ,,1,1,1,1,1,,,1,1,1,1,1,,,,,,,,,,,,,,
4.1,Metadatastandard ,,,,,,,Geodata.se:124,108,,,,,,,,,,,,1,,1,1,1,1,,,1,1,1,1,1, , , ,,1,1,1,1,1,,,1,1,1,1,1,,,,,,,LST-default,,xxxxxx,"""1""",,"1 Som default ska anges den gällande svenska profilen inklusive version, fältet ska vara redigerbart.",,
4.2,Version av metadatastandard ,,,,,,,,109,,,,,,,,,,,,1,,1,1,1,1,,,1,1,1,1,1, , , ,,1,1,1,1,1,,,1,1,1,1,1,,,,,,,LST-default,,LST xyz,Ska vara redigerbart.,,,,
,,,,,,,,,,,,,,,,,,,,,,,,,,,,,,,,,,,,,,,,,,,,,,,,,,,,,,,,,,,,,,,
5,Hierarkisk nivå ,,,,,,,Geodata.se:103,102,,,,,,,,,,,,1,,1,1,1,1,,,1,1,1,1,1,1a,1a,1a,,1,1,1,1,1,,,1,1,1,1,1,,,,K,ersätts,Kodlistor.resurstyp,,,Defaultvärde  beroende på vald mall,1,Endast val från lista.,"Kan eventuellt kompletteras med resurskommentar för att beskriva typ av datamängd
a Fast värde datamägd, dold, sätts via mall",,
6,Identifierare för metadatamängden ,,,,,,,Geodata.se:123,101,,,,,,,,,,,,1,,1,1,1,1,,,1,1,1,1,1,1a,1a,1a,,1,1,1,1,1,,,1,1,1,1,1,,,,,,,LST-låst,,,,Låst värde.,"a sätts automatisk, dold",,
,,,,,,,,,,,,,,,,,,,,,,,,,,,,,,,,,,,,,,,,,,,,,,,,,,,,,,,,,,,,,,,
Resursbeskrivning ,,,,,,,,,,,,,,,,,,,,,,,,,,,,,,,,,,,,,,,,,,,,,,,,,,,,,,,,,,,,,,,
7,Titel ,,,,,,,Geodata.se:101,110,,x,,,,,,,,,,1,,1,1,1,1,,,1,1,1,1,1,1,1,1,,1,1,1,1,1,,,1,1,1,1,1,,,,,Tabell 13,,,,,"""1""",,"""1"" Fri text, max 300 tecken. Riktlinjen är att engelsk titel ska anges om det finns. Det ska gå att addera valfritt antal alternativa titlar.",,
8,Alternativ titel ,,,,,,,,,,,,,,,,,,,,0..* ,,0..*,0..*,0..*,0..*,,,0..*,0..*,0..*,0..*,0..*,0..*,0..*,0..*,,0..*,0,0,0,0..*,,,0..*,0..*,0..*,0..*,0..*,,,,,Tabell 14,,,,,"""1""",,"""1"" Fri text, max 300 tecken. Riktlinjen är att engelsk titel ska anges om det finns. Det ska gå att addera valfritt antal alternativa titlar.",,
Version,,,,,,,,,S,,,,,,,,,,,,1,,,,,,,,,,,,,,,,,0,0,0,0,0,,,,,,,,,,,,,,,,,,,Tidigare versioner hanteras i Subversion.,,
,,,,,,,,,,,,,,,,,,,,,,,,,,,,,,,,,,,,,,,,,,,,,,,,,,,,,,,,,,,,,,,
9,Referensdatum ,,,,,,,Geodata.se:107b,111,,,,,,,,,,,,1..* ,,1..*,1..*,1..*,1..*,,,1..*,1..*,1..*,1..*,1..*,1..*,1..*,1..*,,1..*,1..*,1..*,1..*,0,,,1..*,1..*,1..*,1..*,1..*,,,,,,,,,,,,,,
9.1,Datum ,,,,,,,,,,,,,,,,,,,,1,,1,1,1,1,,,1,1,1,1,1,1,1,1,,1,1,1,1,0,,,1,1,1,1,1,,,,,,,,,,"Format YYYY-MM-DD, YYYY-MM, YYYY","""1""",1 Kontroll att det är ett godkänt datum enligt något av de gällande formaten.,,
9.2,Händelse ,,,,,,,,,,,,,,,,,,,,1,,1,1,1,1,,,1,1,1,1,1,1,1,1,,1,1,1,1,0,,,1,1,1,1,1,,,,K,Tabell 16,,Kodlista:Händelsetyper,,Skapande,,Endast val från lista.,,,
12,Identifierare för resursen ,,,,,,,,,,,,,,,,,,,,1..* ,,,,,,,,,,,,,,,,,,,,,,,,,,,,,,,,,,,,,,,,,,
12.1,Identifieringskod ,,,,,,,Geodata.se:114,114,,,,,,,,,,,,1 (AR),,,,,,,,1,1,1,1,1,,,,,,,,,,,,,,,,,,,,,,,LST-låst,,,,,,,
12.2,Namnrymd ,,,,,,,,,,,,,,,,,,,,0..1 (V)  ,,,,,,,,,,,,,,,,,,,,,,,,,,,,,,,,,,,LST-låst,,,,,,,
,,,,,,,,,,,,,,,,,,,,,,,,,,,,,,,,,,,,,,,,,,,,,,,,,,,,,,,,,,,,,,,
12.3,ISBN,,,,,,,,,,,,,,,,,,,,0,,,,,,,,,,,,,,,,,0..1 ,0,0,0,0,,,,,,,,,,,,,,,text,,,,,,
12.4,ISSN,,,,,,,,,,,,,,,,,,,,0,,,,,,,,,,,,,,,,,0..1 ,0,0,0,0,,,,,,,,,,,,,,,text,,,,,,
12.5,Serienamn,,,,,,,,,,,,,,,,,,,,,,,,,,,,,,,,,,,,,0..1 ,0,0,0,0,,,,,,,,,,,,,,,,,,,,,
12.6,Sökväg till data,,,,,,,Saknas,115,,,,,,,,,,,,,,,,,,,,1,1,1,1,1,1,1,1,,0,0,0,0,0,,,,,,,,,,,,,,,,,,,,,
Serienummer,,,,,,,,,,,,,,,,,,,,,,,,,,,,,,,,,,,,,,0..1 ,0,0,0,0,,,,,,,,,,,,,,,,,,,,,
,,,,,,,,,,,,,,,,,,,,,,,,,,,,,,,,,,,,,,,,,,,,,,,,,,,,,,,,,,,,,,,
ResursStatus,,,,,,lst:forvaltingsDok/lst:FD_ResursStatus,,,,,,,,,,,,,,,0..1 ,,0..1,0..1,0..1,0..1,,,1,1,1,1,1,1,1,1,,0..1,0..1,0..1,0..1,0..1,,,0..1,0..1,0..1,0..1,0..1,,,,, ,,,,,Egen klass för LST,,,,
0,FörvaltningsStatus,,,,,lst:resursStatuskod,,LST:105a,451,,,,,,,,,,,,1,,1,1,1,1,,,1,1,1,1,1,1,1,1,,0..1,0..1,0..1,0..1,1,,,1,1,1,1,1,,,,K,Tabell 17,Status.Statuskoder,,,Under utveckling,,Endast val från lista.,1 Vi inför att denna är obligatorisk för Länsstyrelsen ska gå att byta värde.,,
0,StatusKommentar,,,,,lst:statusKommentar,,LST:105c,452,,,,,,,,,,,,0..1,,0..1,0..1,0..1,0..1,,,0..1,0..1,0..1,0..1,0..1,,,,,0..1,0..1,0..1,0..1,0..1,,,0..1,0..1,0..1,0..1,0..1,,,,,,,,,,,,,,
0,Granskningsdatum,,,,,lst:statusDatum,,LST:105i,454,,,,,,,,,,,,0..1,,0..1,0..1,0..1,0..1,,,0..1,0..1,0..1,0..1,0..1,,,,,0..1,0..1,0..1,0..1,1,,,0..1,0..1,0..1,0..1,0..1,,,,,,,,,,YYYY-MM-DD,,,,
0,Granskningsfrekvens,,,,,lst:statusFrekvens,,LST:105g,455,,,,,,,,,,,,0..1,,0..1,0..1,0..1,0..1,,,0..1,0..1,0..1,0..1,0..1,,,,,0..1,0..1,0..1,0..1,1,,,0..1,0..1,0..1,0..1,0..1,,,,,,,,,,,,,,
0,Nästa granskningsdatum,,,,,lst:resursDatumNasta,,LST:107a,455,,,,,,,,,,,,0..1,,0..1,0..1,0..1,0..1,,,0..1,0..1,0..1,0..1,0..1,,,,,0..1,0..1,0..1,0..1,1,,,0..1,0..1,0..1,0..1,0..1,,,,,,,,,,,,,,
Åtgärdsplan,,,,,,,,,?,,,,,,,,,,,,,,,,,,,,0..1,0..1,0..1,0..1,0..1,0..1,0..1,0..1,,0..1,0..1,0..1,0..1,0..1,,,0..1,0..1,0..1,0..1,0..1,,,,,,Kodlistor.Atgardsplan,,värdelista,,,,,,
Åtgärdsbehov,,,,,,,,,?,,,,,,,,,,,,,,,,,,,,0..1,0..1,0..1,0..1,0..1,0..1,0..1,0..1,,0..1,0..1,0..1,0..1,0..1,,,0..1,0..1,0..1,0..1,0..1,,,,,,,,text,,,,,,
Informationsförvaltare (kopieras till metadatakontakt),,,,,,,,,371,,,,,,,,,,,,1,,,,,,,,1,1,1,1,1,1,1,1,,1,1,1,1,1,1,,,,,,,,,,,,,,,,,,,,
11,Resurskontakt ,,,,,,,,371,,,,,,,,,,,,1..* ,,,,,,,,,,,,,,,,,,,,,,,,,,,,,,,,,,,,,,,,,,
11.1,Organisation ,,,,,,,Geodata.se:112b,,,,,,,,,,,,,1,,,,,,,,1,1,1,1,1,1,1,1,,1,1,1,1,1,1,,,,,,,,,,,,Lista 11.1,LST-L,,LST x ?,,,,,
11.2,Person ,,,,,,,Saknas,,,,,,,,,,,,,1,,,,,,,,1,1,1,1,1,1,1,1,,1,1,1,1,1,1,,,,,,,,,,,,,,,,,,,,
11.3,E-post ,,,,,,,Geodata.se:112e,,,,,,,,,,,,,1,,,,,,,,1,1,1,1,1,1,1,1,,1,1,1,1,1,1,,,,,,,,,,,,Lista 2.3,LST-default,,Defaultvärde ,,Kontroll att det är en e-mail-adress.,,,
11.4,Ansvarsområde ,,,,,,,LST:108c,,,,,,,,,,,,,1,,,,,,,,1,1,1,1,1,1,1,1,,1,1,1,1,1,1,,,,,,,,,,K,,Kodlistor.ansvarsområde,LST-låst,,infoForvaltare,,,,,
11,Datasetförvaltare,,,,,,,,371,,,,,,,,,,,,1,,,,,,,,1,1,1,1,1,0..1,0..1,0..1,,0,0,0,0,0,0,,,,,,,,,,,,,,,,,,,,
11.1,Organisation ,,,,,,,Geodata.se:112b,,,,,,,,,,,,,1,,,,,,,,1,1,1,1,1,0..1,0..1,0..1,,0,0,0,0,0,,,,,,,,,,,,,Lista 11.1,LST-L,,LST,,"Val från lista, men ytterligare värden kan läggas till.",,,
11.2,Person ,,,,,,,Saknas,,,,,,,,,,,,,1,,,,,,,,1,1,1,1,1,0..1,0..1,0..1,,0,0,0,0,0,,,,,,,,,,,,,,,,,,,,,
11.3,E-post ,,,,,,,Geodata.se:112e,,,,,,,,,,,,,1,,,,,,,,1,1,1,1,1,0..1,0..1,0..1,,0,0,0,0,0,,,,,,,,,,,,,Lista 2.3.,LST-default,,,,Kontroll att det är en e-mail-adress.,,,
11.4,Ansvarsområde ,,,,,,,LST:108e,,,,,,,,,,,,,1,,,,,,,,1,1,1,1,1,0..1,0..1,0..1,,0,0,0,0,0,,,,,,,,,,,K,Tabell 23,Kodlistor.ansvarsområde,LST-default,, getListOfGroupIds,,,,,
11,Ställföreträdande Informationsförvaltare,,,,,,,,371,,,,,,,,,,,,1,,,,,,,,1,1,1,1,1,0..1,0..1,0..1,,1,1,1,1,1,1,,,,,,,,,,,,,,,,,,,,
11.1,Organisation ,,,,,,,Geodata.se:112b,,,,,,,,,,,,,0..1 (V) ,,,,,,,,1,1,1,1,1,0..1,0..1,0..1,,1,1,1,1,1,1,,,,,,,,,,,,Lista 11.1,LST-L,,,"""1""","""2""",,,
11.2,Person ,,,,,,,Saknas,,,,,,,,,,,,,1,,,,,,,,1,1,1,1,1,0..1,0..1,0..1,,1,1,1,1,1,1,,,,,,,,,,,,,,,,"""1""",,1 Person anges om det bedöms som relevant för användningen av datasetet.,,
11.3,E-post ,,,,,,,Geodata.se:112e,,,,,,,,,,,,,1,,,,,,,,1,1,1,1,1,0..1,0..1,0..1,,1,1,1,1,1,1,,,,,,,,,,,,Lista 2.3.,,,,Person eller funktionsbrevlåda.,Kontroll att det är en e-mail-adress.,,,
11.4,Ansvarsområde ,,,,,,,LST:108d,,,,,,,,,,,,,1,,,,,,,,1,1,1,1,1,0..1,0..1,0..1,,1,1,1,1,1,1,,,,,,,,,,K,Tabell 23,Kodlistor.ansvarsområde,,,TfInfoForvaltare,,,Används för att ange vem som ansvara för förvaltningsdok,,
11,Ansvarig chef,,,,,,,,371,,,,,,,,,,,,0..1,,,,,,,,1,1,1,1,1,1,1,1,,1,1,1,1,1,1,,,,,,,,,,,,,,,,Kan denna hämtas från någon av de andra rollerna,,Skall anges för resurser som publiceras till Geodatasamverkan,,
11.1,Organisation ,,,,,,,Geodata.se:112b,,,,,,,,,,,,,1,,,,,,,,1,1,1,1,1,1,1,1,,1,1,1,1,1,1,,,,,,,,,,,,Lista 11.1,LST-L,,,"""1""","""2""",,,
11.2,Person ,,,,,,,Saknas,,,,,,,,,,,,,0,,,,,,,,1,1,1,1,1,1,1,1,,1,1,1,1,1,1,,,,,,,,,,,,,,,,"""1""",,1 Person anges om det bedöms som relevant för användningen av datasetet.,,
11.3,E-post ,,,,,,,Geodata.se:112e,,,,,,,,,,,,,1,,,,,,,,1,1,1,1,1,1,1,1,,1,1,1,1,1,1,,,,,,,,,,,,Lista 2.3.,,,,Person eller funktionsbrevlåda.,Kontroll att det är en e-mail-adress.,,,
11.4,Ansvarsområde ,,,,,,,LST:108a,,,,,,,,,,,,,1,,,,,,,,1,1,1,1,1,1,1,1,,1,1,1,1,1,1,,,,,,,,,,K,Tabell 23,Kodlistor.ansvarsområde,,,ansvarigChef,,,Används för att ange vem som ansvara för förvaltningsdok,,
11,Ansvarig organisation (Ägare),,,,,,,,371,,,,,,,,,,,,1,,,,,,,,1,1,1,1,1,,,,,1,1,1,1,1,,,,,,,,,,,,,,,,,,,,,
11.1,Organisation ,,,,,,,Geodata.se:112b,,,,,,,,,,,,,0..1  ,,,,,,,,1,1,1,1,1,,,,,1,1,1,1,1,,,,,,,,,,,,,Lista 11.1,LST-L,,,"""1""","""2""",,,
11.1,Enhet / avdelning / funktion,,,,,,,,,,,,,,,,,,,,0..1  ,,,,,,,,0,0,0,0,0,,,,,0,0,0,0,0,,,,,,,,,,,,,Lista 11.1,LST-L,,,"""1""","""2""",,,
11.2,Person ,,,,,,,Saknas,,,,,,,,,,,,,1,,,,,,,,1,1,1,1,1,,,,,0,0,0,0,0,,,,,,,,,,,,,,,,,"""1""",,1 Person anges om det bedöms som relevant för användningen av datasetet.,,
11.3,E-post ,,,,,,,Geodata.se:112e,,,,,,,,,,,,,1..* ,,,,,,,,1,1,1,1,1,,,,,1,1,1,1,1,,,,,,,,,,,,,Lista 2.3.,,,,Person eller funktionsbrevlåda.,Kontroll att det är en e-mail-adress.,,,
11.4,Ansvarsområde ,,,,,,,LST:108b,,,,,,,,,,,,,1,,,,,,,,,,,,,,,,,1,1,1,1,1,,,,,,,,,,,K,Tabell 23,Kodlistor.ansvarsområde,,,owner,,,Används för att ange vem som ansvara för förvaltningsdok,,
11,Organisatorisk tillhörighet,,,,,,,,371,,,,,,,,,,,,1,,,,,,,,1,1,1,1,1,,,,,1,1,1,1,1,,,,,,,,,,,,,,,,,,,,,
11.1,Organisation ,,,,,,,Geodata.se:112b,,,,,,,,,,,,,0..1  ,,,,,,,,1,1,1,1,1,,,,,1,1,1,1,1,,,,,,,,,,,,,Lista 11.1,LST-L,,,"""1""","""2""",,,
11.1,Enhet / avdelning / funktion,,,,,,,,,,,,,,,,,,,,0..1  ,,,,,,,,0,0,0,0,0,,,,,0,0,0,0,0,,,,,,,,,,,,,Lista 11.1,LST-L,,,"""1""","""2""",,,
11.2,Person ,,,,,,,Saknas,,,,,,,,,,,,,1,,,,,,,,1,1,1,1,1,,,,,0,0,0,0,0,,,,,,,,,,,,,,,,,"""1""",,1 Person anges om det bedöms som relevant för användningen av datasetet.,,
11.3,E-post ,,,,,,,Geodata.se:112e,,,,,,,,,,,,,1..* ,,,,,,,,1,1,1,1,1,,,,,1,1,1,1,1,,,,,,,,,,,,,Lista 2.3.,,,,Person eller funktionsbrevlåda.,Kontroll att det är en e-mail-adress.,,,
11.4,Ansvarsområde ,,,,,,,LST:108f,371,,,,,,,,,,,,1,,,,,,,,1,1,1,1,1,,,,,1,1,1,1,1,,,,,,,,,,,K,Tabell 23,Kodlistor.ansvarsområde,,,pointofcontact,,,Används för att ange vem som ansvara för förvaltningsdok,,
13,Språk i resurs ,,,,,,,Geodata.se:121,,,,,,,,,,,,,1,,1,1,1,1,,,1,1,1,1,1,,,,,1,1,1,1,1,,,1,1,1,1,1,,,,K,,,LST-default,,Swe,,Endast val från lista,,,
14,Utsträckning ,,,,,,,,,,,,,,,,,,,,1..* ,,,,,,,,1..*,1..*,1..*,1..*,1..*,,,,,1..*,1..*,1..*,1..*,1..*,,,,,,,,,,,,,,,,,,,,,
,,,,,,,,,,,,,,,,,,,,,,,,,,,,,,,,,,,,,,,,,,,,,,,,,,,,,,,,,,,,,,,
14.1,Textbeskrivning ,,,,,,,,,,,,,,,,,,,,1,,,,,,,,,,,,,,,,,0,0,0,0,0,,,,,,,,,,,,,,,,,1,,,,
,,,,,,,,,,,,,,,,,,,,,,,,,,,,,,,,,,,,,,,,,,,,,,,,,,,,,,,,,,,,,,,
14.2,Geografisk utsträckning ,,,,,,,Saknas,,,,,,,,,,,,,1,,,,,,,,1..*,1..*,1..*,1..*,1..*,,,,,1..*,1..*,1..*,1..*,1..*,,,,,,,,,,,,,,,,,,,,,
,,,,,,,,,,,,,,,,,,,,,,,,,,,,,,,,,,,,,,,,,,,,,,,,,,,,,,,,,,,,,,,
14.2.1 ,Identifierare,,,,,,,,,,,,,,,,,,,,1,,,,,,,,1..*,1..*,1..*,1..*,1..*,,,,,1..*,1..*,1..*,1..*,1..*,,,,,,,,,,,,,"Kodlistor.TackningsOmradesTyp
Kodlistor.OmradesIndelning",LST-lista,,,,"Val från lista, men möjlighet ange värden ""fritt"".",1 Täckningsområdestyp:OmradesIndelning:Områdesnamn   Täckningsområde anges via denna treställiga kod,,
14.2.1 ,Omskrivande rektangel,,,,,,,Geodata.se:125,,,,,,,,,,,,,1,,,,,,,,1..*,1..*,1..*,1..*,1..*,,,,,1..*,1..*,1..*,1..*,1..*,,,,,,,,,,,,,,LST-lista,,,,"Val från lista, men möjlighet ange värden ""fritt"".",,,
14,Omskrivande polygon,,,,,,,Geodata.se:125,,,,,,,,,,,,,1,,,,,,,,1..*,1..*,1..*,1..*,1..*,,,,,1..*,1..*,1..*,1..*,1..*,,,,,,,,,,,,,,LST-lista,,,,"Val från lista, men möjlighet ange värden ""fritt"".",,,
14.3,Vertikal utsträckning ,,,,,,,,134,,,,,,,,,,,,0..* ,,0..*,0..*,0..*,0..*,,,0..*,0..*,0..*,0..*,0..*,,,,,,,,,,,,0..*,0..*,0..*,0..*,0..*,,,,,,,,,,,,,,
14.3.1 ,Lägsta och högsta höjd ,,,,,,,,,,,,,,,,,,,,1,,,,,,,,1,1,1,1,1,,,,,0,0,0,0,0..1,,,,,,,,,,,,,,LST-default,,0 resp 2148,"""1""",,1 Inmatningsformuläret ska ha möjlighet att ange dessa två värden separat.,,
14.3.2 ,Vertikalt datum ,,,,,,,,,,,,,,,,,,,,1,,,,,,,,1,1,1,1,1,,,,,0,0,0,0,0,,,,,,,,,,,,,Lista 14.3.2,LST-default,,RH2000,,Endast val från lista.,,,
14.4,Temporal utsträckning ,,,,,,,"Geodata,se:107
Geodata.se:107b",,,,,,,,,,,,,0..* ,,,,,,,,0..*,0..*,0..*,0..*,0..*,,,,,0..*,0..*,0..*,0..*,0..*,,,,,,,,,,,,,,,,,,,,,
14.4.1 ,Tidsperiod ,,,,,,,,132,,,,,,,,,,,,1,,,,,,,,0..*,0..*,0..*,0..*,0..*,,,,,0..*,0,0,0,0..*,,,,,,,,,,,,,,,,,,,1 Anges på formatet YYYY-MM-DDThh:mm:ss med vald precision.,,
Starttid,,,,,,,,"Geodata,se:107 Geodata.se:107b",,,,,,,,,,,,,1,,,,,,,,1,1,1,1,1,,,,,0..*,0,0,0,0..*,,,,,,,,,,,,,,,,,"""1""","""2""","1  Det ska gå att ange valfritt antal tidsperioder med start-slut och en med start-""öppet"". Format se ovan.
2 Kontroll att tidsangivelsen är korrekt.",,
Sluttid,,,,,,,,,,,,,,,,,,,,,0…1,,,,,,,,0..*,0..*,0..*,0..*,0..*,,,,,0..*,0,0,0,0..*,,,,,,,,,,,,,,,,,Format se ovan.,,,,
,,,,,,,,,,,,,,,,,,,,,,,,,,,,,,,,,,,,,,,,,,,,,,,,,,,,,,,,,,,,,,,
15,Ämnesområde ,,,,,,,Geodata.se:105,123,,,,,,,,,,,,1..* ,,,,,,,,1,1,1,1,1,,,0..*,,0,0,0,0,0,,,,,,,,,,,K,Tabell 33,Kodlistor.Ämnesområde,,,,"""1""",Endast val genom kryss i lista.,1 Anges i dagens applikation genom krysslista - det är en bra hantering.,,
16,Sammanfattning ,,,,,,,Geodata.se:102,116,,x,,,,,,,,,,1,,1,1,1,1,,,1,1,1,1,1,1,1,1,,0,0,0,0,0,,,1,1,1,1,1,,,,,,,,,,Max 4000 tecken.,,,,
,,,,,,,,,,,,,,,,,,,,,,,,,,,,,,,,,,,,,,,,,,,,,,,,,,,,,,,,,,,,,,,
17,Exempelbild ,,,,,,,,,,,,,,,,,,,,0..* ,,,,,,,,0..1,0..1,0..1,0..1,0..1,,,,,0..*,0..*,0..*,0..*,0..*,,,,,,,,,,,,,,,,,,,,,
17.1,Sökväg för exempelbildsfil ,,,,,,,,,,,,,,,,,,,,1,,,,,,,,1,1,1,1,1,,,,,1,1,1,1,1,,,,,,,,,,,,,,LST-default,,http://…,1,Giltig sökväg.,Skall vara en bild på publik URL.,,
17.2,Bildtext ,,,,,,,,,,,,,,,,,,,,0..1 ,,,,,,,,0..1,0..1,0..1,0..1,0..1,,,,,0..1,0..1,0..1,0..1,0..1,,,,,,,,,,,,,,,,,,,Bildtext kan börja med Tumnagel:  eller Kartbild: då styrs presentation så bilden visas i övre vänstra respektive högra delen,,
17.3,Bildformat ,,,,,,,,,,,,,,,,,,,,0..1 ,,,,,,,,1,1,1,1,1,,,,,0..1,0..1,0..1,0..1,0..1,,,,,,,,,,,,,Lista 17.3,LST-lista,,,,,,,
,,,,,,,,,,,,,,,,,,,,,,,,,,,,,,,,,,,,,,,,,,,,,,,,,,,,,,,,,,,,,,,
18,Beskrivande nyckelord – Initiativ ,,,,,,,"Geodata.se:106f, 106g, 106h. Saknas för LST-specifika",,,,,,,,,,,,,0..*,,,,,,,,"0,,*","0,,*","0,,*",,,,,,,0,0,0,0,0,,,,,,,,,,,,,,,,,,,,,
18.1,Nyckelord ,,,,,,,,,,,,,,,,,,,,1..* ,,,,,,,,1..*,1..*,1..*,,,,,,,0,0,0,0,0,,,,,,,,,,,K,38,,LST-krysslista,,,"""1""",Endast val från krysslista.,"1 De två nyckelorden i listan kan anges genom krysslista, ska anges för Inspire/geodatasamverkan/Öppna data",,
18.2,Nyckelordslexikon ,,,,,,,,,,,,,,,,,,,,1,,,,,,,,1,1,1,,,,,,,0,0,0,0,0,,,,,,,,,,,,,,,,,,,,,
18.2.1 ,Titel ,,,,,,,,,,,,,,,,,,,,1,,,,,,,,1,1,1,,,,,,,0,0,0,0,0,,,,,,,,,,,,,,LST-låst,,NMDP,Visas ej i gränssnittet utan skapas automatiskt om något av nyckelorden i Intitativ väljs. ,,,,
18.2.2 ,Referensdatum ,,,,,,,,,,,,,,,,,,,,1..* ,,,,,,,,1,1,1,,,,,,,0,0,0,0,0,,,,,,,,,,,,,,,,,,,,,
18.2.2.1 ,Datum ,,,,,,,,,,,,,,,,,,,,1,,,,,,,,1,1,1,,,,,,,0,0,0,0,0,,,,,,,,,,,,,,LST-låst,,NMDP,,,,,
18.2.2.2 ,Händelse ,,,,,,,,,,,,,,,,,,,,1,,,,,,,,1,1,1,,,,,,,0,0,0,0,0,,,,,,,,,,,,,,LST-låst,,NMDP,,,,,
,,,,,,,,,,,,,,,,,,,,,,,,,,,,,,,,,,,,,,,,,,,,,,,,,,,,,,,,,,,,,,,
18,Beskrivande nyckelord - Nyckelord,,,,,,,Saknas,,,,,,,,,,,,,0..*  ,,,,,,,,0,0,0,,,,,,,0..*,0..*,0..*,0..*,0..* ,,,,,,,,,,,,,,,,,,,,,
18.1,Nyckelord ,,,,,,,,,,,,,,,,,,,,1..* ,,,,,,,,0,0,0,,,,,,,1..*,1..*,1..*,1..*,1..*,,,,,,,,,,,,,Nyckelord,,,,,Endast val från lista.,,,
18.2,Nyckelordslexikon ,,,,,,,,,,,,,,,,,,,,1,,,,,,,,0,0,0,,,,,,,1,1,1,1,1,,,,,,,,,,,,,,,,,,,,,
18.2.1 ,Titel ,,,,,,,,,,,,,,,,,,,,1,,,,,,,,0,0,0,,,,,,,1,1,1,1,1,,,,,,,,,,,,,LPK-Nyckelord:Från 11 Kap PBL,LST-låst,,,,,,,
18.2.2 ,Referensdatum ,,,,,,,,,,,,,,,,,,,,1,,,,,,,,0,0,0,,,,,,,1,1,1,1,1,,,,,,,,,,,,,,,,,,,,,
18.2.2.1 ,Datum ,,,,,,,,,,,,,,,,,,,,1,,,,,,,,0,0,0,,,,,,,1,1,1,1,1,,,,,,,,,,,,,,LST-låst,,2014-??-??,,,,,
18.2.2.2 ,Händelse ,,,,,,,,,,,,,,,,,,,,1,,,,,,,,0,0,0,,,,,,,1,1,1,1,1,,,,,,,,,,,,,,LST-låst,,creation,,,,,
,,,,,,,,,,,,,,,,,,,,,,,,,,,,,,,,,,,,,,,,,,,,,,,,,,,,,,,,,,,,,,,
18,Beskrivande nyckelord – Huvudkategori,,,,,,,Saknas,,,,,,,,,,,,,0,,,,,,,,,,,,,,,,,,,,,1,,,,,,,,,,,,,,,,,,,,,
18.1,Nyckelord ,,,,,,,,,,,,,,,,,,,,,,,,,,,,,,,,,,,,,,,,,1,,,,,,,,,,,,,,LST-lista,,,,Endast val från lista.,,,
18.2,Nyckelordslexikon ,,,,,,,,,,,,,,,,,,,, ,,,,,,,,,,,,,,,,,,,,,1,,,,,,,,,,,,,,,,,,,,,
18.2.1 ,Titel ,,,,,,,,,,,,,,,,,,,, ,,,,,,,,,,,,,,,,,,,,,1,,,,,,,,,,,,,LPK-Nyckelord:Huvudkategori,LST-låst,,,,,,,
18.2.2 ,Referensdatum ,,,,,,,,,,,,,,,,,,,, ,,,,,,,,,,,,,,,,,,,,,1,,,,,,,,,,,,,,,,,,,,,
18.2.2.1 ,Datum ,,,,,,,,,,,,,,,,,,,, ,,,,,,,,,,,,,,,,,,,,,1,,,,,,,,,,,,,,LST-låst,,2014-??-??,,,,,
18.2.2.2 ,Händelse ,,,,,,,,,,,,,,,,,,,, ,,,,,,,,,,,,,,,,,,,,,1,,,,,,,,,,,,,,LST-låst,,creation,,,,,
,,,,,,,,,,,,,,,,,,,,,,,,,,,,,,,,,,,,,,,,,,,,,,,,,,,,,,,,,,,,,,,
18,Beskrivande nyckelord – Planeringsstatus,,,,,,,LST:110,,,,,,,,,,,,,,,,,,,,,, , , , ,,,,,,,,,1,,,,,,,,,,,,,,,,,,,,,
18.1,Nyckelord ,,,,,,,,,,,,,,,,,,,, ,,,,,,,, , , , , ,,,,,,,,,1..*,,,,,,,,,,,,,,LST-lista,,,,Endast val från lista.,,,
18.2,Nyckelordslexikon ,,,,,,,,,,,,,,,,,,,, ,,,,,,,, , , , , ,,,,,,,,,1,,,,,,,,,,,,,,,,,,,,,
18.2.1 ,Titel ,,,,,,,,,,,,,,,,,,,, ,,,,,,,, , , , , ,,,,,,,,,1,,,,,,,,,,,,,LPK-Nyckelord: Kategori,LST-låst,,,,,,,
18.2.2 ,Referensdatum ,,,,,,,,,,,,,,,,,,,, ,,,,,,,, , , , , ,,,,,,,,,1,,,,,,,,,,,,,,,,,,,,,
18.2.2.1 ,Datum ,,,,,,,,,,,,,,,,,,,, ,,,,,,,, , , , , ,,,,,,,,,1,,,,,,,,,,,,,,LST-låst,,2014-??-??,,,,,
18.2.2.2 ,Händelse ,,,,,,,,,,,,,,,,,,,, ,,,,,,,, , , , , ,,,,,,,,,1,,,,,,,,,,,,,,LST-låst,,creation,,,,,
,,,,,,,,,,,,,,,,,,,,,,,,,,,,,,,,,,,,,,,,,,,,,,,,,,,,,,,,,,,,,,,
18,Beskrivande nyckelord – Sakområde,,,,,,,LST:111,,,,,,,,,,,,, ,,,,,,,, , , , , ,,,,,,,,,1,,,,,,,,,,,,,,,,,,,,,
18.1,Nyckelord ,,,,,,,,,,,,,,,,,,,, ,,,,,,,, , , , , ,,,,,,,,,1..*,,,,,,,,,,,,,,LST-krysslista,,,,,,,
18.2,Nyckelordslexikon ,,,,,,,,,,,,,,,,,,,, ,,,,,,,, , , , , ,,,,,,,,,1,,,,,,,,,,,,,,,,,,,,,
18.2.1 ,Titel ,,,,,,,,,,,,,,,,,,,, ,,,,,,,, , , , , ,,,,,,,,,1,,,,,,,,,,,,,LPK-Nyckelord:Sakområde,LST-låst,,,,,,,
18.2.2 ,Referensdatum ,,,,,,,,,,,,,,,,,,,, ,,,,,,,, , , , , ,,,,,,,,,1,,,,,,,,,,,,,,,,,,,,,
18.2.2.1 ,Datum ,,,,,,,,,,,,,,,,,,,, ,,,,,,,, , , , , ,,,,,,,,,1,,,,,,,,,,,,,,LST-låst,,2014-??-??,,,,,
18.2.2.2 ,Händelse ,,,,,,,,,,,,,,,,,,,, ,,,,,,,, , , , , ,,,,,,,,,1,,,,,,,,,,,,,,LST-låst,,creation,,,,,
,,,,,,,,,,,,,,,,,,,,,,,,,,,,,,,,,,,,,,,,,,,,,,,,,,,,,,,,,,,,,,,
,,,,,,,,,,,,,,,,,,,,,,,,,,,,,,,,,,,,,,,,,,,,,,,,,,,,,,,,,,,,,,,
18,Beskrivande nyckelord – Tjänsteklassificering,,,,,,,Geodata.se:106d,,,,,,,,,,,,,0,,,,,,,, , , , , ,,,,,0,0,0,0,0,,,1..*,,,,,,,,,,,,,,,,,,
18.1,Nyckelord ,,,,,,,,,,,,,,,,,,,, ,,,,,,,, , , , , ,,,,,,,,,,,,1,,,,,,,,K,"46, bilaga B",,LST-lista,,,Typ av program kan väljas i lista,Endast val från lista.,,,
18.2,Nyckelordslexikon ,,,,,,,,,,,,,,,,,,,, ,,,,,,,, , , , , ,,,,,,,,,,,,1,,,,,,,,,,,,,,,,,,
18.2.1 ,Titel ,,,,,,,,,,,,,,,,,,,, ,,,,,,,, , , , , ,,,,,,,,,,,,1,,,,,,,,,,Typ av tjänst,LST-låst,,,Visas ej i gränssnittet utan skapas automatiskt om något av nyckelorden i Intitativ väljs. ,,,,
18.2.2 ,Referensdatum ,,,,,,,,,,,,,,,,,,,, ,,,,,,,, , , , , ,,,,,,,,,,,,1,,,,,,,,,,,,,,,,,,
18.2.2.1 ,Datum ,,,,,,,,,,,,,,,,,,,, ,,,,,,,, , , , , ,,,,,,,,,,,,1,,,,,,,,,,,LST-låst,,6/23/2011,,,,,
18.2.2.2 ,Händelse ,,,,,,,,,,,,,,,,,,,, ,,,,,,,, , , , , ,,,,,,,,,,,,1,,,,,,,,,,,LST-låst,,creation,,,,,
,,,,,,,,,,,,,,,,,,,,,,,,,,,,,,,,,,,,,,,,,,,,,,,,,,,,,,,,,,,,,,,
18,Beskrivande nyckelord – Publiceringsmål,,,,,,,Saknas,,,,,,,,,,,,,0..* (V) ,,,,,,,,1..*,1..*,1..*,0..*,0..*,,,,,0..* ,0..* ,0..* ,0..* ,0,,,,,,,,,,,,,,,,,,,,,
18.1,Nyckelord ,,,,,,,,,,,,,,,,,,,,1..* ,,,,,,,,1,1,1,1,1,,,,,1..*,1..*,1..*,1..*,,,,,,,,,,,,,,,LST-lista,,,,Val från lista.,"1 Anger vilken, eller vilka portaler som data ska publiceras till.",,
18.2,Nyckelordslexikon ,,,,,,,,,,,,,,,,,,,,1,,,,,,,,1,1,1,1,1,,,,,1,1,1,1,,,,,,,,,,,,,,,,,,,,,,
18.2.1 ,Titel ,,,,,,,,,,,,,,,,,,,,1,,,,,,,,1,1,1,1,1,,,,,1,1,1,1,,,,,,,,,,,,,,Kodlistor.Publiceringsmål,LST-låst,,,2,,2 Visas ej i gränssnittet utan skapas automatiskt om något av nyckelorden i Intitativ väljs.,,
18.2.2 ,Referensdatum ,,,,,,,,,,,,,,,,,,,,1,,,,,,,,1,1,1,1,1,,,,,1,1,1,1,,,,,,,,,,,,,,,,,,,,,,
18.2.2.1 ,Datum ,,,,,,,,,,,,,,,,,,,,1,,,,,,,,1,1,1,1,1,,,,,1,1,1,1,,,,,,,,,,,,,,,LST-låst,,,,,,,
18.2.2.2 ,Händelse ,,,,,,,,,,,,,,,,,,,,1,,,,,,,,1,1,1,1,1,,,,,1,1,1,1,,,,,,,,,,,,,,,LST-låst,,,,,,,
,,,,,,,,,,,,,,,,,,,,,,,,,,,,,,,,,,,,,,,,,,,,,,,,,,,,,,,,,,,,,,,
,,,,,,,,,,,,,,,,,,,,,,,,,,,,,,,,,,,,,,,,,,,,,,,,,,,,,,,,,,,,,,,
19,Beskrivande nyckelord – Gemet Inspire Spatial Themes ,,,,,,,Geodata.se:106c,,,,,,,,,,,,,0..* (V) ,,,,,,,,1..*,,,,,,,,,,,,,,,,1..*,,,,,,,,,,,,,,,,,,
19.1,Nyckelord ,,,,,,,,,,,,,,,,,,,,1..* ,,,,,,,,1,,,,,,,,,,,,,,,,1,,,,,,,,K,,,,,,"Anges genom val i lista, ska anges för Inspire-data.",,,,
19.2,Nyckelordslexikon ,,,,,,,,,,,,,,,,,,,,1,,,,,,,,1,,,,,,,,,,,,,,,,1,,,,,,,,K,,,LST-låst,,,,,,,
19.2.1 ,Titel ,,,,,,,,,,,,,,,,,,,,1,,,,,,,,1,,,,,,,,,,,,,,,,1,,,,,,,,K,,,LST-låst,,,Visas ej i gränssnittet utan skapas automatiskt om något av nyckelorden i Intitativ väljs. ,,,,
19.2.2 ,Referensdatum ,,,,,,,,,,,,,,,,,,,,1..* ,,,,,,,,1,,,,,,,,,,,,,,,,1,,,,,,,,K,,,,,,,,,,
19.2.2.1 ,Datum ,,,,,,,,,,,,,,,,,,,,1,,,,,,,,1,,,,,,,,,,,,,,,,1,,,,,,,,K,,,LST-låst,,,,,,,
19.2.2.2 ,Händelse ,,,,,,,,,,,,,,,,,,,,1,,,,,,,,1,,,,,,,,,,,,,,,,1,,,,,,,,K,,,LST-låst,,,,,,,
,,,,,,,,,,,,,,,,,,,,,,,,,,,,,,,,,,,,,,,,,,,,,,,,,,,,,,,,,,,,,,,
22,Metod för rumslig representation ,,,,,,,,,,,,,,,,,,,,0..* ,,,,,,,,1,1,1,1,1,,,,,,,,,,,,,,,,,,,,,Tabell 52.,,,,,,Endast val från lista.,,,
22,Geometrityp,,,,,,,,,,,,,,,,,,,,0..* ,,,,,,,,1,1,1,1,1,,,,,,,,,,,,,,,,,,,,, ,Kodlistor.Geometrityp,,,,,Endast val från lista.,,,
23,Rumslig upplösning ,,,,,,,,,,,,,,,,,,,,0..* (V) ,,,,,,,,1,0..1,0..1,,,,,,,,,,,,,,,,,,,,,,,,,,,,,,,,
23.1,Skalfaktor ,,,,,,,,,,,,,,,,,,,,,,,,,,,,0..1,0..1,0..1,,,,,,,,,,,,,,,,,,,,,,,,,,,,1,Kontroll av giltigt format.,"1 Anges som ett heltal, t ex 50000 för 1:50 000.",,
23.2,Avstånd mellan observationer ,,,,,,,,,,,,,,,,,,,,,,,,,,,,0..1,0..1,0..1,,,,,,,,,,,,,,,,,,,,,,,,,,,,1,Kontroll av giltigt fomrat.,1 Anges som ett decimaltal (i meter).,,
örvaltnings,,,,,,,,,,,,,,,,,,,,,,,,,,,,,,,,,,,,,,,,,,,,,,,,,,,,,,,,,,,,,,,
24,Typ av tjänst ,,,,,,,Geodata.se:106e,,,,,,,,,,,,,,,,,,,,,,,,,,,,,,,,,,,,,1,,,,,,,,K,Tabell 55,,LST-lista,,,Använd samma lista som idag.,Endast val från lista.,,,
25,Kopplad resurs ,,,,,,,,,,,,,,,,,,,,,,,,,,,,,,,,,,,,,,,,,,,,0..*,,,,,,,,,,,,,,,,,,
26,Teckenuppsättning i resurs ,,,,,,,,,,,,,,,,,,,,,,,,,,,,1,,,,,,,,,,,,,,,,,,,,,,,,,,,LST-låst,,utf-8,,,,,
,,,,,,,,,,,,,,,,,,,,,,,,,,,,,,,,,,,,,,,,,,,,,,,,,,,,,,,,LST-låst,,utf-8,,,,,
Restriktioner ,,,,,,,,,,,,,,,,,,,,,,,,,,,,,,,,,,,,,,1..*,1..*,1..*,1..*,,,,,,,,,,,,,,,,,,,,,,
27,Användbarhetsbegränsningar ,,,,,,,"Geodata.se:110g
Geodata.se:110e",137,,,,,,,,,,,,,,,,,,,,1,1,1,1,1,,,,,0..*,0..*,0..*,0..*,,,,,,,,,,,,K,Tabell 58,,LST-lista,,XXXX / tas fram senare.,1,2,"1 Lista och defaultvärde ska finnas, men en fritext ska kunna skrivas in. Se dagens hantering. Max 500 tecken.
2 Val från lista, men kan ändras till fritext.",,
28,Rättsliga restriktioner ,,,,,,,,,,,,,,,,,,,,,,,,,,,,1,1,1,1,1,,,,,,,,,,,,,,,,,,,,,,,,,,,,1 Generellt när det gäller restriktioner behöver detta ses över och anpassas till LST:s gällande datapolicy.,,
28.1,Åtkomstrestriktioner ,,,,,,,Geodata.se:110f,138,,,,,,,,,,,,,,,,,,,,1,1,1,1,1,,,,,0..*,0..*,0..*,0..*,,,,,,,,,,,,K,Tabell 61,,LST-lista,,Licens,,Endast val från lista.,1 Är det licens vi ska ange? Ska stämma med datapolicyn.,,
28.2,Nyttjanderestriktioner ,,,,,,,,,,,,,,,,,,,,,,,,,,,,0..*,0..*,0..*,0..*,0..*,,,,,0,0,0,0,,,,,,,,,,,,K,Tabell 61,,LST-lista,,Inget värde,,Endast val från lista.,,,
28.3,Övriga restriktioner ,,,,,,,Det borde finnas en regel - kolla upp,139,,,,,,,,,,,,,,,,,,,,1,1,1,1,1,,,,,1..*,1..*,1..*,1..*,,,,,,,,,,,,,,,,,Inget värde,Max 1000 tecken.,,,,
,,,,,,,,,,,,,,,,,,,,,,,,,,,,,,,,,,,,,,,,,,,,,,,,,,,,,,,,,,,,,,,
29,Säkerhetsrestriktioner ,,,,,,,,,,,,,,,,,,,,0..* ,,,,,,,,0,0,0,0,0,,,,,,,,,,,,,,,,,,,,,,,,,,,,,,
29.1,Skyddsklass ,,,,,,,,,,,,,,,,,,,,1,,,,,,,,0,0,0,0,0,,,,,0,0,0,0,,,,,,,,,,,,K,Tabell 64,,LST-lista,,Unclassified,1,Endast val från lista.,1 Ska vi ha en default och sedan får man ändra för de (väldigt få dataset) så har en skyddsklass?,,
,,,,,,,,,,,,,,,,,,,,,,,,,,,,,,,,,,,,,,,,,,,,,,,,,,,,,,,,,,,,,,,
Relaterade resurser,,,,,,,,,,,,,,,,,,,,,,,,,,,,,,,,,,,,,,,,,,,,,,,,,,,,,,,,,,,,,,,
29,Relaterad resurs,,,,,,,,,,,,,,,,,,,,0..*,,,,,,,,,,,,,,,,,,,,,0..*,,,,,,,,,,,,,,,,,,,,,
29.1,relateradResursTitel,,,,,,,,,,,,,,,,,,,,0..1 (v),,,,,,,,,,,,,,,,,,,,,0..1,,,,,,,,,,,,,,,text,,,,,,
29.2,relateradResursID,,,,,,,,,,,,,,,,,,,,0..1 (v),,,,,,,,,,,,,,,,,,,,,0..1,,,,,,,,,,,, ,, ,text,,UUID, ,,,
29.3,relation,,,,,,,,,,,,,,,,,,,,1,,,,,,,,,,,,,,,,,,,,,1,,,,,,,,,,,, ,relationsTyp, , ,,, ,,,
,,,,,,,,,,,,,,,,,,,,,,,,,,,,,,,,,,,,,,,,,,,,,,,,,,,,,,,,,,,,,,,
Datakvalitet ,,,,,,,,,,,,,,,,,,,,,,,,,,,,,,,,,,,,,,,,,,,,,,,,,,,,,,,,,,,,,,,
30,Omfattning ,,,,,,,Borde finnas - kolla upp,,,,,,,,,,,,,1,,,,,,,,1,1,1,1,1,1,1,1,,,,,,,,,,,,,,,,,,,,,,,,,,,
30.1,Hierarkisk nivå ,,,,,,,Borde finnas - kolla upp,,,,,,,,,,,,,1,,,,,,,,1,1,1,1,1,1,1,1,,,,,,,,,,,,,,,,,K,Tabell 11,,LST-lista,,,1,Endast val från lista.,"1 Ska för dataset ha samma värde som ""Hierariks nivå för resursen"" element XX. Dvs för dataset kan värdet kopieras därifrån, medan det för tjänster ska väljas från en lista.",,
,,,,,,,,,,,,,,,,,,,,,,,,,,,,,,,,,,,,,,,,,,,,,,,,,,,,,,,,,,,,,,,
31,Tillkomsthistorik ,,,,,,,Geodata.se:108,,,,,,,,,,,,,1,,,,,,,,1,1,1,0..1,0..1,0..1,0..1,0..1,,,,,,,,,,,,,,,,,,,,,,,,,,,
31.1,Redogörelse ,,,,,,,,150,,,,,,,,,,,,1,,,,,,,,1,1,1,1,1,1,1,1,,0..1,0..1,0..1,0..1,0..1,,,,,,,,,,,,,,,,,Max 2500 tecken.,,,,
31.2,Händelselogg,,,,,,,LST:128C (underl.), ,,,,,,,,,,,,1,,,,,,,,0..*,0..*,0..*,0..*,0..*,0..*,0..*,0..*,,0..*,0..*,0..*,0..*,0..*,,,,,,,,,,,,,,,,,,,,,
31.2.1,Händelsetyp,,,,,,,LST:128f övriga.),,,,,,,,,,,,,1,,,,,,,,1,1,1,1,1,1,1,1,,1,1,1,1,1,,,,,,,,,,,,,"kodlistor.Händelsehistorik-typ
kodslistor (2 st): Händelseloggtyper, Händelseloggtyper Container",,,,,,,,
31.2.2,Händelsedatum,,,,,,,, ,,,,,,,,,,,,1,,,,,,,,1,1,1,1,1,1,1,1,,1,1,1,1,1,,,,,,,,,,,,,,,,,"""1""",,1 Anges på formatet YYYY-MM-DD,,
31.2.3,Händelsebeskrivning,,,,,,,, ,,,,,,,,,,,,1,,,,,,,,1,1,1,1,1,1,1,1,,0..1,0..1,0..1,0..1,0..1,,,,,,,,,,,,,,,,,Max 1000 tecken,,,,
,,,,,,,,,,,,,,,,,,,,,,,,,,,,,,,,,,,,,,,,,,,,,,,,,,,,,,,,,,,,,,,
,,,,,,,,,,,,,,,,,,,,,,,,,,,,,,,,,,,,,,,,,,,,,,,,,,,,,,,,,,,,,,,
32,Specifikationsuppfyllelse ,,,,,,,Borde finnas - kolla upp,,,,,,,,,,,,,0..* (V) ,,,,,,,,1,,,,,,,,,,,,,,,,1,,,,,,,,,,,,,,Om det är ett Inspire-tema så ska detta element anges.,,,,
32.1,Specifikation ,,,,,,,,,,,,,,,,,,,,1,,,,,,,,1,,,,,,,,,,,,,,,,1,,,,,,,,,,,,,,,,,,
32.1.1 ,Titel ,,,,,,,,,,,,,,,,,,,,1,,,,,,,,1,,,,,,,,,,,,,,,,1,,,,,,,,,,,,,,,,,,
32.1.2 ,Referensdatum ,,,,,,,,,,,,,,,,,,,,1,,,,,,,,1,,,,,,,,,,,,,,,,1,,,,,,,,,,,,,,,,,,
32.1.2.1 ,Datum ,,,,,,,,,,,,,,,,,,,,1,,,,,,,,1,,,,,,,,,,,,,,,,1,,,,,,,,,,,,,,,,,,
32.1.2.2 ,Händelse ,,,,,,,,,,,,,,,,,,,,1,,,,,,,,1,,,,,,,,,,,,,,,,1,,,,,,,,,,,,,,,,,,
32.2,Beskrivning ,,,,,,,,,,,,,,,,,,,,1,,,,,,,,1,,,,,,,,,,,,,,,,1,,,,,,,,,,,,,,,,,,
32.3,Överensstämmelse ,,,,,,,,,,,,,,,,,,,,1,,,,,,,,1,,,,,,,,,,,,,,,,1,,,,,,,,,,,,,,1,,"1 Kan endast vara ""True"" eller ""False""",,
,,,,,,,,,,,,,,,,,,,,,,,,,,,,,,,,,,,,,,,,,,,,,,,,,,,,,,,,,,,,,,,
35,Yttäckningsgrad ,,,,,,,,,,,,,,,,,,,,0..1 (V) ,,,,,,,,1,,,,,,,,,,,,,,,,,,,,,,,,,,,,,,,,,,
35.1,Kvalitetstema – Fullständighet ,,,,,,,,,,,,,,,,,,,,1,,,,,,,,1,,,,,,,,,,,,,,,,,,,,,,,,,,,,,,,,,,
35.2,Måttbenämning ,,,,,,,,,,,,,,,,,,,,1,,,,,,,,1,,,,,,,,,,,,,,,,,,,,,,,,,,,LSR default,,Yttäckning - täckningsgrad,.,,,,
,,,,,,,,,,,,,,,,,,,,,,,,,,,,,,,,,,,,,,,,,,,,,,,,,,,,,,,,,,,,,,,
Resultat,,,,,,,,,,,,,,,,,,,,,1,,,,,,,,,,,,,,,,,,,,,,,,,,,,,,,,,,,,,,,,,,
35.3,Kvantitativt resultat ,,,,,,,,,,,,,,,,,,,,1,,,,,,,,1,,,,,,,,,,,,,,,,,,,,,,,,,,,,,,1,,1 Används  för de data som ingår i Inspire / geodatasamverkan.,,
35.3.1 ,Värde ,,,,,,,,,,,,,,,,,,,,1,,,,,,,,1,,,,,,,,,,,,,,,,,,,,,,,,,,Lista 35.3.1,,,,1,,"1 Det ska finnas en lista med de vanligast värdena, det ska gå att lägga till egna värden.",,
35.3.2 ,Värdeenhet ,,,,,,,,,,,,,,,,,,,,1,,,,,,,,1,,,,,,,,,,,,,,,,,,,,,,,,,,,LST default,,km2,,,,,
35.3.3 ,Värdetyp ,,,,,,,,,,,,,,,,,,,,1,,,,,,,,1,,,,,,,,,,,,,,,,,,,,,,,,,,,LST default,,ratio,,,,,
,,,,,,,,,,,,,,,,,,,,,,,,,,,,,,,,,,,,,,,,,,,,,,,,,,,,,,,,,,,,,,,
,,,,,,,,,,,,,,,,,,,,,,,,,,,,,,,,,,,,,,,,,,,,,,,,,,,,,,,,,,,,,,,
Underhåll av resursen ,,,,,,,,,,,,,,,,,,,,,,,,,,,,,,,,,,,,,,,,,,,,,,,,,,,,,,,,,,,,,,,
37,Underhåll ,,,,,,,Saknas,,,,,,,,,,,,,0..* ,,,,,,,,0..1,0..1,0..1,1,1,,,,,,,,,,,,,,,,,,,,,,,,,,,,,,
37.1,Underhållsfrekvens ,,,,,,,,,,,,,,,,,,,,1,,,,,,,,1,1,1,1,1,,,,,,,,,0,0..1,,,,,,,,,,K,Tabell 79,,LST-lista,,,,Endat val enligt lista.,,,
37.2,Anmärkning ,,,,,,,,,,,,,,,,,,,,0..1 ,,,,,,,,0..1,0..1,0..1,1,1,,,,,,,,,0,0..1,,,,,,,,,,,,,,,,,,,,
,,,,,,,,,,,,,,,,,,,,,,,,,,,,,,,,,,,,,,,,,,,,,,,,,,,,,,,,,,,,,,,
Referenssystem ,,,,,,,,,,,,,,,,,,,,,,,,,,,,,,,,,,,,,,,,,,,,,,,,,,,,,,,,,,,,,,,
38,"Rumsligt referenssystem (spatialt, vertikalt)",,,,,,,Saknas,,,,,,,,,,,,,0..* (V) ,,,,,,,,1,1,1,1,1, , , ,,,,,,,,,,,,,,,,,,,,,,,,,,,
38.1,Identifieringskod ,,,,,,,,,,,,,,,,,,,,1,,,,,,,,1,1,1,1,1, , , ,,,,,,,,,,,,,,,,,,,Lista 38.1,LST-lista,,EPSG:3006,,1,1 Val i lista men ytterligare värden ska gå att ange.,,
38.2,Namnrymd ,,,,,,,,,,,,,,,,,,,,1,,,,,,,,,,,,,,,,,,,,,,,,,,,,,,,,,,,LST-låst,,EPSG,,,,,
,,,,,,,,,,,,,,,,,,,,,,,,,,,,,,,,,,,,,,,,,,,,,,,,,,,,,,,,,,,,,,,
,,,,,,,,,,,,,,,,,,,,,,,,,,,,,,,,,,,,,,,,,,,,,,,,,,,,,,,,,,,,,,,
Tillhandahållande av resursen ,,,,,,,,,,,,,,,,,,,,,,,,,,,,,,,,,,,,,,,,,,,,,,,,,,,,,,,,,,,,,,,
40,Distributörskontakt ,,,,,,,,,,,,,,,,,,,,1..* ,,,,,,,,0..*,0..*,0..*,0..*,0..*,,,,,0..*,0..*,0..*,0..*,0,0..*,,0..*,0..*,0..*,,0..*,,,,,,,,,,,,,,
40.1,Organisation ,,,,,,,,,,,,,,,,,,,,0..1 (V) ,,,,,,,,1,1,1,1,1,,,,,1,1,1,1,,1,,1,1,1,,1,,,,,,Lista 11.1,LST-lista,,,,1,"1 Val från lista, men ska gå att addera andra värden",,
40.2,Person ,,,,,,,,,,,,,,,,,,,,0,,,,,,,,,,,,,,,,,,,,,,,,,,,,,,,,,,,,,,1,,Vi undviker att ange personnamn,,
40.3,E-post ,,,,,,,,,,,,,,,,,,,,1..* ,,,,,,,,1,1,1,1,1,,,,,1,1,1,1,,1,,1,1,1,,1,,,,,,Lista 2.3,,,Default beroende på vald profil.A273,,1,"1 Val från lista, men ska gå att addera andra värden.",,
40.4,Ansvarsområde ,,,,,,,,,,,,,,,,,,,,1,,,,,,,,1,1,1,1,1,,,,,1,1,1,1,,1,,1,1,1,,1,,,,K,Tabell 23,,,,Kontakt,,,,,
,,,,,,,,,,,,,,,,,,,,,,,,,,,,,,,,,,,,,,,,,,,,,,,,,,,,,,,,,,,,,,,
41,Onlinekälla ,,,,,,,,,,,,,,,,,,,,0..* (V) ,,,,,,,,0..*,0..*,0..*,0..*,0..*,,,,,0..*,0..*,0..*,0..*,0,0..*,,0..*,0..*,0..*,,0..*,,,,,,,,,,,,,,
41.1,Webbadress ,,,,,,,,,,,,,,,,,,,,1,,,,,,,,1,1,1,1,1,,,,,1,1,1,1,,1,,1,1,1,,1,,,,,,,,,,,,,,
41.2,Typ av webbadress (protokoll),,,,,,,,,,,,,,,,,,,,1,,,,,,,,1,1,1,1,1,,,,,1,1,1,1,,1,,1,1,1,,1,,,,K,,Tabell 90,LST-lista,,HTTP:Information,Protokoll måste anges om det anges en länk till en resurs. ,Endast val från lista.,,,
41.3,Funktion ,,,,,,,,,,,,,,,,,,,,0..1 ,,,,,,,,0..1,0..1,0..1,0..1,0..1,,,,,0,0,0,0,,0..1,,0..1,0..1,0..1,,0..1,,,,K,,Tabell 91,LST-lista,,Information,,Endast val från lista.,,,
41.4,Beskrivning av webbadress,,,,,,,,,,,,,,,,,,,,0..1 ,,,,,,,,0..1,0..1,0..1,0..1,0..1,,,,,0..1,0..1,0..1,0..1,,0..1,,0..1,0..1,0..1,,0..1,,,,,,,,,,,,,,
41.5,Namn på webbadress,,,,,,,,,,,,,,,,,,,,1,,,,,,,,0..1,0..1,0..1,0..1,0..1,,,,,0..1,0..1,0..1,0..1,,0..1,,0..1,0..1,0..1,,0..1,,,,,,,,,,1,,1 Interna länkar skall alltid börja med texten LST-intern. Detta gäller både WMS-tjäsnter och filbaserad åtkomst.,,
,,,,,,,,,,,,,,,,,,,,,,,,,,,,,,,,,,,,,,,,,,,,,,,,,,,,,,,,,,,,,,,
42,Format ,,,,,,,,,,,,,,,,,,,,0..* (V) ,,,,,,,,0..*,0..*,0..*,0..*,0..*,,,,,0..*,0..*,0..*,0..*,,0..*,,,,,,,,,,,,,,,,,,,,
42.1,Beteckning ,,,,,,,,,,,,,,,,,,,,1,,,,,,,,1,1,1,1,1,,,,,1,1,1,1,,1,,,,,,,,,,,,,LST-lista,,,,,,,
42.2,Version ,,,,,,,,,,,,,,,,,,,,1,,,,,,,,1,1,1,1,1,,,,,1,1,1,1,,1,,,,,,,,,,,,,,,,Version måste anges om format anges.,,,,
Förvaltningsdokumentation,,,,,,,,,,,,,,,,,,,,,,,,,,,,,,,,,,,,,,,,,,,,,,,,,,,,,,,,,,,,,,,
44,Förvaltningsdokument,,,,,/gmd:MD_Metadata/lst:forvaltingsDok/,,LST:101a,,,,,,,,,,,,,0..1,,,,,,,,0..1,0..1,0..1,0..1,0..1,,,,,0..1,0..1,0..1,0..1,0..1,,,,,,,,,,,,,,,,,,,,,
41.1,projektKatalogDokument,,,,,lst:projektKatalogDokument,,LST:101b,,,,,,,,,,,,,0..*,,,,,,,,0..1,0..1,0..1,0..1,0..1,,,,,0,0,0,0,0,,,,,,,,,,,,,Tas bort,,text,,URL,,,,
,,,,,,,,,,,,,,,,,,,,,,,,,,,,,,,,,,,,,,,,,,,,,,,,,,,,,,,,,,,,,,,
44,Förvaltningsrutiner,,,,,"/gmd:MD_Metadata/lst:forvaltingsDok/
lst:FD_ForvaltningsRutiner/",,,,,,,,,,,,,,,0..* (V) ,,,,,,,,0..1,0..1,0..1,0..1,0..1,,,,,0..1,0..1,0..1,0..1,0..1,,,,,,,,,,,,,,,,,,,,,
41.1,Ajourhållningsutiner,,,,,lst:ajourhallningsutiner,,LST:102a,,,,,,,,,,,,,1,,,,,,,,0..1,0..1,0..1,0..1,0..1,,,,,0..1,0..1,0..1,0..1,0..1,,,,,,,,,,,,,,,text (1000),,,,,,
41.2,forvaltningsRelateratDokument,,,,,lst:forvaltningsRelateratDokument,,LST:102c,,,,,,,,,,,,,0..*,,,,,,,,0..1,0..1,0..1,0..1,0..1,,,,,0..1,0..1,0..1,0..1,0..1,,,,,,,,,,,, ,, ,text,,URL, ,,,
41.3,ovrigaRutinBeskrivningar,,,,,lst:ovrigaRutinBeskrivningar,,LST:102e,,,,,,,,,,,,,0..1 ,,,,,,,,0..1,0..1,0..1,0..1,0..1,,,,,0..1,0..1,0..1,0..1,0..1,,,,,,,,,,,, ,, ,text (1000),,, ,,,
,,,,,,,,,,,,,,,,,,,,,,,,,,,,,,,,,,,,,,,,,,,,,,,,,,,,,,,,,,,,,,,
44,KvalitetsForbattring,,,,,"/gmd:MD_Metadata/lst:forvaltingsDok/
lst:FD_KvalitetsForbattring",,,,,,,,,,,,,,,0..1,,,,,,,,0..1,0..1,0..1,0..1,0..1,0..1,0..1,0..1,,0..1,0..1,0..1,0..1,0..1,,,,,,,,,,,,,,,,,,,,,
41.1,Åtgärdsbehov,,,,,lst:ovrigtOmUtveckling,,LST103a,,,,,,,,,,,,,1,,,,,,,,0..1,0..1,0..1,0..1,0..1,0..1,0..1,0..1,,0..1,0..1,0..1,0..1,0..1,,,,,,,,,,,,,,,text (1000),,,,,,
41.2,utvecklingsIdeer,,,,,lst:utvecklingsIdeer,,LST103c,,,,,,,,,,,,,1,,,,,,,,0..1,0..1,0..1,0..1,0..1,0..1,0..1,0..1,,0..1,0..1,0..1,0..1,0..1,,,,,,,,,,,,,,,text (1000),,,,,,
41.3,UtvecklingsDokument,,,,,lst:utvecklingsDokument,,LST103e,,,,,,,,,,,,,0..1 ,,,,,,,,0..1,0..1,0..1,0..1,0..1,0..1,0..1,0..1,,0..1,0..1,0..1,0..1,0..1,,,,,,,,,,,, ,, ,text,,URL, ,,,
41.4,Åtgärdsplan,,,,,lst:atgardsPlan,,LST:103i,,,,,,,,,,,,,0..1 ,,,,,,,,0..1,0..1,0..1,0..1,0..1,,,,,0..1,0..1,0..1,0..1,0..1,,,,,,,,,,,, ,kodlista.Åtgärdsplan, ,text (1000),,, ,,,
,,,,,,,,,,,,,,,,,,,,,,,,,,,,,,,,,,,,,,,,,,,,,,,,,,,,,,,,,,,,,,,
44,Harmonisering,,,,,,,,,,,,,,,,,,,,0..1,,,,,,,,0..1,0..1,0..1,0..1,0..1,,,,,,,,,,,,,,,,,,,,,,Tas bort,,,,,,,,
41.1,harmoniseringsGrad,,,,,,,,,,,,,,,,,,,,1,,,,,,,,0..1,0..1,0..1,0..1,0..1,,,,,0,0,0,0,0,,,,,,,,,,,,,Tas bort,,text(50),,,,,,
41.2,harmoniseringsKommentar,,,,,,,,,,,,,,,,,,,,1,,,,,,,,0..1,0..1,0..1,0..1,0..1,,,,,0,0,0,0,0,,,,,,,,,,,, ,Tas bort,,,,, ,,,
41.3,attributStandard,,,,,,,,,,,,,,,,,,,,0..1 ,,,,,,,,0..1,0..1,0..1,0..1,0..1,,,,,0,0,0,0,0,,,,,,,,,,,, ,Tas bort,,,,, ,,,
41.4,attributStandardURL,,,,,,,,,,,,,,,,,,,,0..1 ,,,,,,,,0..1,0..1,0..1,0..1,0..1,,,,,0,0,0,0,0,,,,,,,,,,,,,Tas bort,,text,,URL,,,,
Förklaring av färger som används (för Länsstyrelsens implementering implementering):,,,,,,,,,,,,,,,,,,,,,,,,,,,,,,,,,,,,,,,,,,,,,,,,,,,,,,,,,,,,,,,
,,,,,,,,,,,,,,,,,,,,,,,,,,,,,,,,,,,,,,,,,,,,,,,,,,,,,,,,,,,,,,,
,,,,,,,,,,,,,,,,,,,,,,,,,,,,,,,,,,,,,,,,,,,,,,,,,,,,,,,,,,,,,,,
Metadataelement som registreras manuellt,,,,,,,,,,,,,,,,,,,,,,,,,,,,,,,,,,,,,,,,,,,,,,,,,,,,,,,,,,,,,,,
Metadataelement som skapas automatiskt men som är redigerbart,,,,,,,,,,,,,,,,,,,,,,,,,,,,,,,,,,,,,,,,,,,,,,,,,,,,,,,,,,,,,,,
Metadataelement som skapas automatiskt som bara är läsbart,,,,,,,,,,,,,,,,,,,,,,,,,,,,,,,,,,,,,,,,,,,,,,,,,,,,,,,,,,,,,,,
Metadataelement som skapas automatiskt som ej är synliga i redigeringsläge (förvanliga förvaltare),,,,,,,,,,,,,,,,,,,,,,,,,,,,,,,,,,,,,,,,,,,,,,,,,,,,,,,,,,,,,,,
Metadataelement som ej är relevant för aktuell typ,,,,,,,,,,,,,,,,,,,,,,,,,,,,,,,,,,,,,,,,,,,,,,,,,,,,,,,,,,,,,,,
,,,,,,,,,,,,,,,,,,,,,,,,,,,,,,,,,,,,,,,,,,,,,,,,,,,,,,,,,,,,,,,
Klass med underliggande element,,,,,,,,,,,,,,,,,,,,,,,,,,,,,,,,,,,,,,,,,,,,,,,,,,,,,,,,,,,,,,,
Klass med underliggande element,,,,,,,,,,,,,,,,,,,,,,,,,,,,,,,,,,,,,,,,,,,,,,,,,,,,,,,,,,,,,,,
,,,,,,,,,,,,,,,,,,,,,,,,,,,,,,,,,,,,,,,,,,,,,,,,,,,,,,,,,,,,,,,
LST-L,Innebär att det finns en lista som används av LST (som kan utökas),,,,,,,,,,,,,,,,,,,,,,,,,,,,,,,,,,,,,,,,,,,,,,,,,,,,,,,,,,,,,,
LST-d,Innebär att det finns ett defaultvärde som föreslås (som kan ändras),,,,,,,,,,,,,,,,,,,,,,,,,,,,,,,,,,,,,,,,,,,,,,,,,,,,,,,,,,,,,,
